ç¬”è®°é“¾æ¥,æ ‡é¢˜,è§†é¢‘å†…å®¹,ç¬”è®°ç±»å‹,ç¬”è®°å£å»,ç¬”è®°èµ›é“,å›¾ç‰‡åœ°å€,è§†é¢‘åœ°å€,ä½œè€…
https://www.xiaohongshu.com/discovery/item/68398e6d000000002001c6dd?source=webshare&xhsshare=pc_web&xsec_token=ABoq4LZHTJ-m99ub3m73ax1hDMAO_jqHUaEaRDVRjPwwQ=&xsec_source=pc_share,"æ–°è¥¿å…°å·²å›,å®è¯éš¾å¬ğŸ˜“ä½†å°±æ˜¯æ–°è¥¿å…°ç°çŠ¶",,å¹²è´§,ç´ äººå£å»,æ—…æ¸¸,http://sns-webpic-qc.xhscdn.com/202507041440/94a673721002a6fcf2de69b0d727fb89/notes_pre_post/1040g3k831i3ss4i1nak05ogk3el41082pp3l9v0!nd_dft_wlteh_jpg_3,,ç³¯ç±³é¥­å›¢æ—¥è®°
https://www.xiaohongshu.com/discovery/item/68551afe000000001203178c?source=webshare&xhsshare=pc_web&xsec_token=AB1wvV3L-XZTDJbFfaa2qY2mBqnI5ps5B963ZJpyDsmqI=&xsec_source=pc_share,6.22ğŸ“æ–°è¥¿å…°ç°çŠ¶ï¼Œå´©æºƒï¼è¦å»çš„å§å¦¹æ…é‡,,å¹²è´§,å•†å®¶å£å»,æ—…æ¸¸,http://sns-webpic-qc.xhscdn.com/202507041440/4592b3bc9fb5e5a802f0688d3dba2ffc/1040g00831iupogei1a2g5pmdcro7caga35l5jq0!nd_dft_wlteh_jpg_3,,Niniåœ¨æ–°è¥¿å…°
https://www.xiaohongshu.com/discovery/item/683912ed000000002202cf69?source=webshare&xhsshare=pc_web&xsec_token=ABoq4LZHTJ-m99ub3m73ax1p5dphZkA-JwT4sihZyVfVw=&xsec_source=pc_share,å®è¯éš¾å¬ï¼Œä½†å·²ç»æ˜¯æ–°è¥¿å…°æ—…æ¸¸å…¬è®¤æ½œè§„åˆ™äº†,,å¹²è´§,å•†å®¶å£å»,æ—…æ¸¸,http://sns-webpic-qc.xhscdn.com/202507041441/4a7372206f649b498a05884d61f64c73/1040g2sg31i2g4gsp6qgg5pkf9ac0u1n4r34fldg!nd_dft_wlteh_jpg_3,,æ–°è¥¿å…°å®šåˆ¶å¸ˆnono
https://www.xiaohongshu.com/discovery/item/67235677000000003c0165de?source=webshare&xhsshare=pc_web&xsec_token=ABaXkUhxxHZJqBxjLvsgzhYyGhohI56diHrHt8bJ4AXF0=&xsec_source=pc_share,æ€ªä¸å¾—äººå®¶é«˜è€ƒç»“æŸå°±å»äº†æ—¥æœ¬ç•™å­¦â€¦â€¦,,å¹²è´§,ç´ äººå£å»,ç•™å­¦,http://sns-webpic-qc.xhscdn.com/202507041441/6cbdf5899e7361103cafc5397256a67d/1040g2sg319k6hhc6ncd05povjnu7e3tr1knnv7g!nd_dft_wlteh_jpg_3,,ë‚˜ëŠ” ìì˜¤ ìœ„í€(ì¡°ì˜¥
https://www.xiaohongshu.com/discovery/item/665aa561000000001500b0ab?source=webshare&xhsshare=pc_web&xsec_token=AB-X1u1JTe5EfO7qROdF4jzyqou1tH4-uvoUanQKe7t7c=&xsec_source=pc_share,è£…ä¿®å·¥äººå¤§ç™½è¯:ä½ å®¶è£…ä¿®å½±å“æˆ‘èµšé’±äº†ï¼,,å¹²è´§,ç´ äººå£å»,è£…ä¿®,http://sns-webpic-qc.xhscdn.com/202507041442/3e677dfe20e6c44157aca6a12130a2c8/1040g2sg313g6tqg002dg5p7s5q5gi97eq3r4i58!nd_dft_wlteh_jpg_3,,æ·±åœ³æå·¥è£…ä¿®è®¾è®¡
https://www.xiaohongshu.com/discovery/item/6826c45d000000002101a2d1?source=webshare&xhsshare=pc_web&xsec_token=ABFmPDMBgrW1X6xvESah-oBJ-cFpeqmHKo9Fy8suzWfnM=&xsec_source=pc_share,ä¸ºä»€ä¹ˆæˆ‘åœ¨é€‰è£…ä¿®å…¬å¸å‰æ²¡çœ‹åˆ°è¿™ç¯‡ğŸ˜­,,å¹²è´§,ç´ äººå£å»,è£…ä¿®,http://sns-webpic-qc.xhscdn.com/202507041442/ca4fbfdd20a8c647c6f48811d565957a/notes_pre_post/1040g3k031hhfd2gojo0g5orksvh7qkdi4d71s88!nd_dft_wlteh_jpg_3,,è£…ä¿®å°ä¸æ‡‚
https://www.xiaohongshu.com/discovery/item/683521b2000000002100f7a8?source=webshare&xhsshare=pc_web&xsec_token=ABMctjBteA07wUBbTXajleGnvHps05-qfBA0_qdJ5DDPE=&xsec_source=pc_share,æ­å·ä¸¨ä¸€ä¸ªå›å¤´å®¢80%çš„é è°±è®¾è®¡å¸ˆ,,å¹²è´§,å•†å®¶å£å»,è£…ä¿®,http://sns-webpic-qc.xhscdn.com/202507041443/aca7f4f1da911fa215a5ff10f7860e6d/notes_pre_post/1040g3k031hviduiv5u305nlk4rrg802hq4r6tr0!nd_dft_wlteh_jpg_3,,æ­å·å…¨æ¡ˆè®¾è®¡å¸ˆå‘¨æ¸¸
https://www.xiaohongshu.com/discovery/item/67b942170000000009014521?source=webshare&xhsshare=pc_web&xsec_token=ABUZCQkHJ5EBDsQys4IECFLS2wmvRytJhtCJNlSv9K-_0=&xsec_source=pc_share,å¯¹æ¯”10å®¶åï¼Œæˆ‘ä¸ºä»€ä¹ˆé€‰äº†è¿™å®¶åŠåŒ…,,æ¨è/è¥é”€,ç´ äººå£å»,è£…ä¿®,http://sns-webpic-qc.xhscdn.com/202507041446/e73ca624d795af8dd96c14e45de5bbe7/1040g00831e79210pgs0049f9ppa2uok4dut43q8!nd_dft_wlteh_jpg_3,,è–ªè´«æ°”å’Œåœ¨æ­æ¼‚
https://www.xiaohongshu.com/discovery/item/6853a0e9000000001c034652?source=webshare&xhsshare=pc_web&xsec_token=AByz5B20sVekXZcFHoPdl428l1pm3oQN8E2xOqjuX1oxo=&xsec_source=pc_share,ä¸Šæµ·é•¿å®ï¼Œçº¦äº†4å®¶ä¸Šé—¨é‡æˆ¿ï¼Œæˆ‘çš„ä½“éªŒ,,å¹²è´§,ç´ äººå£å»,è£…ä¿®,http://sns-webpic-qc.xhscdn.com/202507041446/69c8816d8944e1f82815497c650386c2/notes_pre_post/1040g3k831is45or01ai05puejbc2npofnkg30ao!nd_dft_wlteh_jpg_3,,å¤å©‰è¹çš„è®°äº‹æœ¬
https://www.xiaohongshu.com/discovery/item/67346afe000000001901538e?source=webshare&xhsshare=pc_web&xsec_token=AB2zbxc_rtDpd_UYy4ZakkVDJBI0ECyWT1h0PkVDgwXj0=&xsec_source=pc_share,è‹å·è£…ä¿®ğŸ¡è²Œä¼¼è¢«ç”·ä¸šä¸»å‘æœ‹å‹åœˆéª‚äº†ğŸ˜‚,,æ¨è/è¥é”€,å•†å®¶å£å»,è£…ä¿®,http://sns-webpic-qc.xhscdn.com/202507041454/5119609914518b809a77cbc2a46d0809/1040g2sg31a4s9ng2mod05pasanqgmlu0ko9prg8!nd_dft_wlteh_jpg_3,,è‹å·å®¤å†…è®¾è®¡å¸ˆ | æ™¶æ™¶
https://www.xiaohongshu.com/discovery/item/6851661f0000000003038fd6?source=webshare&xhsshare=pc_web&xsec_token=ABZkA7OxpH_dkNRpiY6B1NbriPAisMb7lLaRtWGGr-QVU=&xsec_source=pc_share,â¤å¿ƒç´¯ä½†å€¼å¾—ï¼Œæ¨èè¿™å®¶åŒ—äº¬è£…ä¿®å…¬å¸,,å¹²è´§,ç´ äººå£å»,è£…ä¿®,http://sns-webpic-qc.xhscdn.com/202507041500/8cec61a0a49c1dd248d2b594623c2194/spectrum/1040g0k031ir5tqk00u005ptc3cgji56qsdgrob0!nd_dft_wlteh_jpg_3,,Cc
https://www.xiaohongshu.com/discovery/item/67a317c2000000002901ba66?source=webshare&xhsshare=pc_web&xsec_token=ABZgNAhZxVrPCnoUFq205aO-meeMYhsxve5ZlcLhhosK0=&xsec_source=pc_share,åŒ—äº¬ğŸ“è·‘äº†å·¨å¤šè£…ä¿®å…¬å¸ï¼Œåªæ¨èè¿™ä¸‰å®¶â—,,æµ‹è¯„,ç´ äººå£å»,è£…ä¿®,http://sns-webpic-qc.xhscdn.com/202507081105/db531e6a536a9e973e62b93e1118a609/1040g2sg31dgusjg7gsdg5per1j5iu49argskn3o!nd_dft_wlteh_jpg_3,,Alice
https://www.xiaohongshu.com/discovery/item/67da8ca7000000001e00ad92?source=webshare&xhsshare=pc_web&xsec_token=ABnEa0T6_hqR--texstRaXDkGF7hV2RnzKx7lgjLwXrLg=&xsec_source=pc_share,éå¸¸æŠ±æ­‰ï¼Œç›®å‰æˆ‘å’Œæˆ‘è€å…¬åªæ¥åŒ—äº¬æœ¬åœ°çš„å•,,æ¨è/è¥é”€,å•†å®¶å£å»,è£…ä¿®,http://sns-webpic-qc.xhscdn.com/202507081105/4b157e2f499980f44099fb9eb56a92ea/1040g00831f72o8o36q0g5n9ucve4ilhvdolpumo!nd_dft_wlteh_jpg_3,,åŒ—äº¬æ›¹å·¥é•¿è£…ä¿®å›¢é˜Ÿï¼ˆä¸‡å˜‰ç¾è£…é¥°ï¼‰
https://www.xiaohongshu.com/discovery/item/67d1a3b0000000000d0160b4?source=webshare&xhsshare=pc_web&xsec_token=AB4o0Ax4kxsAKeTBAaEc2TLePj1--0xqscDuAo61vma64=&xsec_source=pc_share,éå¸¸æŠ±æ­‰ï¼Œç›®å‰æˆ‘å’Œæˆ‘è€å©†åªæ¥åŒ—äº¬æœ¬åœ°çš„å•ï¼,,æ¨è/è¥é”€,å•†å®¶å£å»,è£…ä¿®,http://sns-webpic-qc.xhscdn.com/202507081108/d010db65d8342a59be9b5743e60d6839/1040g00831eudf6k3mi005np289b08jb6ikdbj68!nd_dft_wlteh_jpg_3,,å°å°šå·¥é•¿
https://www.xiaohongshu.com/discovery/item/68592b0d000000002001b528?source=webshare&xhsshare=pc_web&xsec_token=ABTDWrcQ7MdksNEdGfxEqDNlRJReGLTz6QttV8qbimU_c=&xsec_source=pc_share,åŒ—äº¬è€ç ´å°è£…ä¿®ï¼Œä¹Ÿé‡åˆ°å®è—å·¥é•¿äº†ğŸ®â—ï¸,,æ¨è/è¥é”€,ç´ äººå£å»,è£…ä¿®,http://sns-webpic-qc.xhscdn.com/202507081109/cf645638c1e86947079bb1a32bd6a0e3/notes_pre_post/1040g3k831j2oir7r1ecg5poe3egnc2jn58d49vo!nd_dft_wlteh_jpg_3,,æ—ºæ—ºå°ä»™
https://www.xiaohongshu.com/discovery/item/682ae3d5000000000f030a22?source=webshare&xhsshare=pc_web&xsec_token=ABU7j8g54LMCoQWccSfknGKwIHH5aYlJQ7ZUdeTOtVaag=&xsec_source=pc_share,åæ ‡åŒ—äº¬ğŸ“60å¹³è€ç ´å°åŠåŒ…4.5w,,å¹²è´§,ç´ äººå£å»,è£…ä¿®,http://sns-webpic-qc.xhscdn.com/202507081110/a69b5765c89008d72df88065df42c7d6/1040g00831hl7ne7l3u605q0311d3i7b389ejl2o!nd_dft_wlteh_jpg_3,,å­™å¤ªé˜³ğŸŒŸ
https://www.xiaohongshu.com/discovery/item/67678367000000000902c51f?source=webshare&xhsshare=pc_web&xsec_token=ABlQmKvxUEFKfL7RGp7jVjDFnqN8kc35fId3VUqu5V540=&xsec_source=pc_share,æš´èµ°5å®¶è£…ä¿®å…¬å¸ï¼ŒåŒ—äº¬è£…ä¿®æ€ä¹ˆé€‰ï¼Ÿï¼,,æµ‹è¯„,ç´ äººå£å»,è£…ä¿®,http://sns-webpic-qc.xhscdn.com/202507081119/86c965beff9c510c1319299dfdc6e192/1040g00831bmp133kh66g5pfh6al19u8b4ksigvo!nd_dft_wlteh_jpg_3,,talitali
https://www.xiaohongshu.com/discovery/item/686378980000000015021166?source=webshare&xhsshare=pc_web&xsec_token=ABndTxWJZ5npFtSm-Wr9b3ysuxU_efqGjsuBIq8g7VmBw=&xsec_source=pc_share,åŒ—äº¬ä¸¤å‘¨è·‘äº†11å®¶è£…ä¿®å…¬å¸ è°ˆè°ˆæˆ‘çš„æ„Ÿå—,,å¹²è´§,ç´ äººå£å»,è£…ä¿®,http://sns-webpic-qc.xhscdn.com/202507081123/a9a8f19be88b8cd3b94843fe90e64f93/notes_pre_post/1040g3k831jcqmrosj2005q2e1t96s8148e047b0!nd_dft_wlteh_jpg_3,,é»‘èŠéº»
https://www.xiaohongshu.com/discovery/item/66dbe723000000000c01b228?source=webshare&xhsshare=pc_web&xsec_token=ABEBgTZRreDCy0gmRPkdxugizzatoswISTQzSZHR-7Cqc=&xsec_source=pc_share,åŒ—äº¬è£…ä¿®å·¥é•¿åŠåŒ…åˆ†äº«ï¼š58å¹³ï¼Œ3.2wé¡ºåˆ©ä¸‹è½¦,,æ¨è/è¥é”€,ç´ äººå£å»,è£…ä¿®,http://sns-webpic-qc.xhscdn.com/202507081124/c63670c070a8e75f7823cf700d638d1b/1040g2sg317ee6m2sjudg5pch70poinb511baalg!nd_dft_wlteh_jpg_3,,æ²æ²ï¼ˆè£…ä¿®ä¸­ï¼‰
https://www.xiaohongshu.com/discovery/item/683806ba000000000c03a77f?source=webshare&xhsshare=pc_web&xsec_token=ABnZjyxAXF7m_Pc39gIWxC-nqL4Fegc-At-awrnnwNQGY=&xsec_source=pc_share,åœ¨åŒ—äº¬ï¼ŒçœŸå¿ƒæ¨èè¿™ä½è®¾è®¡å¸ˆï¼ˆå®‰å…¨æ— guangï¼‰,,æ¨è/è¥é”€,ç´ äººå£å»,è£…ä¿®,http://sns-webpic-qc.xhscdn.com/202507081126/c9362b992a23895951b70fb1295acf27/notes_pre_post/1040g3k831i2d1m9kn0e05p5rm5e57m90l7gabpo!nd_dft_wlteh_jpg_3,,AAå«æˆ‘å·å·
https://www.xiaohongshu.com/discovery/item/684941e7000000002102c43e?source=webshare&xhsshare=pc_web&xsec_token=AB-NfJqYYAOaguk9llpP_BIx31b5YYu3KZIN9r0gkDp0c=&xsec_source=pc_share,åæ ‡åŒ—äº¬ï¼Œ120å¹³ç±³å…¨å±‹å®šåˆ¶éœ€è¦å¤šå°‘é’±ï¼Ÿ,,å¹²è´§,ç´ äººå£å»,è£…ä¿®,http://sns-webpic-qc.xhscdn.com/202507081139/06376661d8f374eeafacef1f7dea9b41/notes_pre_post/1040g3k031ij7g89g0e005ppapq9n3cupb72sle8!nd_dft_wlteh_jpg_3,,å³°å„¿
https://www.xiaohongshu.com/discovery/item/682ebac3000000002101a8a9?source=webshare&xhsshare=pc_web&xsec_token=ABbBEd9IzzDZiEr8pK4A9iK64GtKv4b4a8V1Mchn9-FfU=&xsec_source=pc_share,è¿›å‚é€‰å²©æ¿çš„ä¸€å¤© | ğŸ’°åˆç©ºäº†ğŸ˜­,,æ¨è/è¥é”€,ç´ äººå£å»,å²©æ¿å¤§ç†çŸ³,http://sns-webpic-qc.xhscdn.com/202507101401/1e0d9459289b5adbb369ba49127141fa/1040g00831hpbgult3u005okkt4h8cbupuh1k2do!nd_dft_wgth_jpg_3,,é™ˆå¯å¯çš„å¥¶æ²¹å°å®¶ï¼ˆç¡¬è£…ä¸­ï¼‰
https://www.xiaohongshu.com/discovery/item/682c6b31000000002001f63d?source=webshare&xhsshare=pc_web&xsec_token=AB4MJ68yoXT4A4RrhibAqlztQ4vucLeCHiRkrk7sNBDoU=&xsec_source=pc_share,500å¤šä¸€å—çš„ç»ç¾æ´çŸ³å²©æ¿å°é¢è¢«æˆ‘æ‰¾åˆ°å•¦ï¼,,æ¨è/è¥é”€,ç´ äººå£å»,å²©æ¿å¤§ç†çŸ³,http://sns-webpic-qc.xhscdn.com/202507101401/bbbddc49f18e27dfbbeb65a8cf864871/1040g2sg31hn2afkv3u7g5okccl38cf0l0gh9uug!nd_dft_wlteh_jpg_3,,å°å°çš„æ–°å®¶ï¼ˆç¡¬è£…ä¸­ï¼‰
https://www.xiaohongshu.com/discovery/item/67b92e15000000002a003cd2?source=webshare&xhsshare=pc_web&xsec_token=ABUZCQkHJ5EBDsQys4IECFLWK116sB40fjGynvQ_RlUXw=&xsec_source=pc_share,å—æ˜Œä¸“ä¸šå²©æ¿é«˜ç«¯å®šåˆ¶åŠ å·¥å‚,,æ¨è/è¥é”€,å•†å®¶å£å»,å²©æ¿å¤§ç†çŸ³,http://sns-webpic-qc.xhscdn.com/202507101414/e576aa28ad25ee23a3bea79f51e6f189/1040g00831e6gq0cbgm505n7sgks1brqc4ssq8f0!nd_dft_wlteh_jpg_3,,ä¸­äº¿å²©æ¿é«˜ç«¯å®šåˆ¶
https://www.xiaohongshu.com/discovery/item/665497f6000000000c01812f?source=webshare&xhsshare=pc_web&xsec_token=AB26sZ-m6BrbJfsEPR0MQGaFXTCMz9srgIb8K4nt2Jew0=&xsec_source=pc_share,æºå¤´å·¥å‚|ä¸Šæµ·çŸ³è‹±çŸ³å²©æ¿æ‰¹å‘åŠ å·¥,,æ¨è/è¥é”€,å•†å®¶å£å»,å²©æ¿å¤§ç†çŸ³,http://sns-webpic-qc.xhscdn.com/202507101414/2223f9882025564e092a9364eeb2b9aa/1040g008313a9p6lag2005ofeee041qocdh8la80!nd_dft_wlteh_jpg_3,,ä¸Šæµ·çŸ³æå°ç‹å­ï¼ˆè¾‰é¸¿çŸ³ä¸šï¼‰
https://www.xiaohongshu.com/discovery/item/67d99e93000000001c001921?source=webshare&xhsshare=pc_web&xsec_token=AB6_NX4ngIg0E2T356xavP2YMnN5J3iBa570W6aUXJBGg=&xsec_source=pc_share,ä¸Šæµ·è¿™å®¶ä¸“ä¸šå²©æ¿åŠ å·¥å‚ï¼Œç®€ç›´æ˜¯å“è´¨ä»£åè¯,,æ¨è/è¥é”€,å•†å®¶å£å»,å²©æ¿å¤§ç†çŸ³,http://sns-webpic-qc.xhscdn.com/202507101415/e0dbe1426d38a7a954d67ad8d4166a87/1040g00831f6n222o6o5g411m3gnh7bcge85f4ug!nd_dft_wlteh_jpg_3,,ä¸Šæµ·å²©æ¿åŠ å·¥å‚å°æ¯›
https://www.xiaohongshu.com/discovery/item/66dfb91f000000001201336d?source=webshare&xhsshare=pc_web&xsec_token=AB8fvEhOXZP3valQh_Sgjyvk3LY0sXRXr6vfqLkfThGu0=&xsec_source=pc_share,æ­å·å’Œæ­å·é™„è¿‘ï¼Œè¦åšå²©æ¿çš„è€æ¿æ³¨æ„å•¦,,æ¨è/è¥é”€,å•†å®¶å£å»,å²©æ¿å¤§ç†çŸ³,http://sns-webpic-qc.xhscdn.com/202507101415/902c097122206671d9254313c0ec5c03/spectrum/1040g34o317i5cs85go0g5nm76l0g8jrperurfog!nd_dft_wlteh_jpg_3,,æ­å·æ–°åœ£å²©çŸ³å…¨å±‹å²©æ¿é“ºè´´
https://www.xiaohongshu.com/discovery/item/67c9092d000000000900efbf?source=webshare&xhsshare=pc_web&xsec_token=ABN2Eehght3uH_qYMFish6uk0ClY3ZhLZJPx_xM92ShJk=&xsec_source=pc_share,å²©æ¿åˆ°å®¶å¤šè´µä½ çŸ¥é“å—ï¼ï¼ï¼,,æ¨è/è¥é”€,å•†å®¶å£å»,å²©æ¿å¤§ç†çŸ³,http://sns-webpic-qc.xhscdn.com/202507101417/15e8f8c622384159dc10cf82bfbb7a2b/1040g2sg31em0ji6ilk505pitp96hoitrattvh2g!nd_dft_wlteh_jpg_3,,ONEç“·ç –ä»“åº“
https://www.xiaohongshu.com/discovery/item/636780e90000000007036574?source=webshare&xhsshare=pc_web&xsec_token=ABqgZF3WXjtfm3OZ2SCvreTe8Lvz92RRatQ1CIAeEBRoY=&xsec_source=pc_share,è£…ä¿®çœé’±ä¸¨3kæ‹¿ä¸‹å…¨å±‹å²©æ¿å°é¢â€¼ï¸é™„å…¨æ”»ç•¥,,å¹²è´§,ç´ äººå£å»,å²©æ¿å¤§ç†çŸ³,http://sns-webpic-qc.xhscdn.com/202507101418/268d97c1b2e6602a56a7c045366ce8bd/0302b601kn6s6a9ax9e0111uy6m65qj0cz!nd_dft_wlteh_jpg_3,,ç¦ç‰™ä»”Kiaco
https://www.xiaohongshu.com/discovery/item/6824418600000000210079ce?source=webshare&xhsshare=pc_web&xsec_token=ABx4jHxZ4gXKxf59X7J030n57NKcJxREu3a6iLAAnSzeA=&xsec_source=pc_share,æŒ‘äº†å¾ˆä¹…çš„æ´çŸ³å²©æ¿ï¼Œç»ˆäºè½åœ°äº†,,å¹²è´§,ç´ äººå£å»,å²©æ¿å¤§ç†çŸ³,http://sns-webpic-qc.xhscdn.com/202507101419/4d2811af9882c0173337bd96e2fd3573/notes_pre_post/1040g3k831hf2mi8gji705oq9imhm5vvjr94htjo!nd_dft_wlteh_jpg_3,,å§‘å¥¶å¥¶å›å®¶ï¼ˆè½¯è£…ä¸­ï¼‰
https://www.xiaohongshu.com/discovery/item/663cbff0000000001e020dee?source=webshare&xhsshare=pc_web&xsec_token=ABu3SKpCfc7KeuC93HvYUE05KS1rKJP-ypcaAhix57vKE=&xsec_source=pc_share,ğŸ’«ç™½æ´ | å²©æ¿åŠ å·¥å‚åŠ å·¥ è¿‡ç¨‹åˆ†äº«ğŸ’«,,æ¨è/è¥é”€,å•†å®¶å£å»,å²©æ¿å¤§ç†çŸ³,http://sns-webpic-qc.xhscdn.com/202507101419/e4dbe720a3bb4e55a0a1b871a44e94bd/1040g2sg312j0lfnqg6705npm505g9e6m6pcmst0!nd_dft_wlteh_jpg_3,,æˆéƒ½å²©æ¿åŠ å·¥å‚Mei
https://www.xiaohongshu.com/discovery/item/6711c191000000002100b0e7?source=webshare&xhsshare=pc_web&xsec_token=ABYRqC275_hhvh0iwxEg6x8zidHW3cUChBejEalhwq430=&xsec_source=pc_share,åœ¨ç»å…´æ‰¾ä¸€å®¶é è°±çš„è£…ä¿®å…¬å¸çœŸçš„å¥½éš¾ï¼ï¼ï¼,,å¹²è´§,ç´ äººå£å»,è£…ä¿®,http://sns-webpic-qc.xhscdn.com/202507101437/4311eaa0e9261114edecda93fe9e34ee/1040g008319313t52ko1040p3r08fmfdpq7nepog!nd_dft_wlteh_jpg_3,,RlavenderS
https://www.xiaohongshu.com/discovery/item/6865e87c00000000120320f7?source=webshare&xhsshare=pc_web&xsec_token=ABdHd7zF1iu0NNQKKFhHTkeIB47TAnyy6e2x_Z0RIsEr4=&xsec_source=pc_share,è¡¡é˜³è£…ä¿®å…¬å¸å·²å¼€å·¥ï¼æ„Ÿè°¢æ¨èğŸ™ï¼ˆæ°´ç”µï¼‰,,æ¨è/è¥é”€,ç´ äººå£å»,è£…ä¿®,http://sns-webpic-qc.xhscdn.com/202507101441/57aede064d343af3128428dbb7d039ea/1040g00831jf6rv8c306g5prcnnp63jif8bvjf7o!nd_dft_wlteh_jpg_3,,å°å°åœ¨è£…ä¿®
https://www.xiaohongshu.com/discovery/item/682480a80000000022036dfe?source=webshare&xhsshare=pc_web&xsec_token=ABx4jHxZ4gXKxf59X7J030n4BasDGnEk-vfDO8NuLtMUo=&xsec_source=pc_share,å®å¦ˆå¬åŠï¼šå®å®ä¿é™©çº¢é»‘æ¦œï¼Œè¿™äº›åƒä¸‡åˆ«ä¹°,,å¹²è´§,ç´ äººå£å»,ä¿é™©,http://sns-webpic-qc.xhscdn.com/202507101442/cb7910aa3fc58a21477407d532bdcdf2/spectrum/1040g34o31hfargdr34305oc1ucmk0tl4csklqn0!nd_dft_wlteh_jpg_3,,éª†é©¼å›æ•™ä½ ä¿é™©
http://xhslink.com/m/973c4jnAHcC,åœ¨å®¶å¼€å·¥ä½œå®¤ï¼Œè¢«ç½š9000ï¼,,å¹²è´§,ç´ äººå£å»,ç¨åŠ¡,http://sns-webpic-qc.xhscdn.com/202507101451/3eedf65d3ed7a916b877e94f61e6c56b/notes_pre_post/1040g3k831ipb2valhci05n4sjip5k7e36icg8m8!nd_dft_wlteh_jpg_3,,æœ¨å…°å­¦å§(ç¾ä¸šè¯æœ¯ç‰ˆ)
http://xhslink.com/m/6K0lhON2def,äººç”Ÿå»ºè®®ï¼š7æœˆä¸€å®šè¦æ¥20â„ƒçš„æ©æ–½é¿æš‘ï¼,,æ¨è/è¥é”€,ç´ äººå£å»,æ—…æ¸¸,http://sns-webpic-qc.xhscdn.com/202507101455/1c8392e6e1f73ca00f972e4627722b7c/spectrum/1040g34o31jgv36jr36805oj7igg40peu9628dlo!nd_dft_wlteh_jpg_3,,å±±ç³»å¥³å­©é˜¿Weah
http://xhslink.com/m/1N306ivUglX,éå¸¸æŠ±æ­‰ï¼ä¿ºå®¶ç¥ä»™è®¾è®¡å¸ˆåªæ¥åŒ—äº¬çš„æ´»ï½,,æ¨è/è¥é”€,ç´ äººå£å»,è£…ä¿®,http://sns-webpic-qc.xhscdn.com/202507101459/40f251b9d956892299c8d21e4b4ad0e4/notes_pre_post/1040g3k031i0qstkvn8dg5oiemqjje968fvvfqt0!nd_dft_wlteh_jpg_3,,Yoå°æ‡’ä¸æ‡’ï¼ˆå‘ç–¯ç‰ˆï¼‰
http://xhslink.com/m/MfjM13TywY,åœ¨åŒ—äº¬ï¼ŒçœŸå¿ƒæ¨èè¿™ä½è®¾è®¡å¸ˆï¼ˆå®‰å…¨æ— guangï¼‰,,æ¨è/è¥é”€,ç´ äººå£å»,è£…ä¿®,http://sns-webpic-qc.xhscdn.com/202507101459/718958f731633b23b502a9e944f884a7/notes_pre_post/1040g3k831i2d1m9kn0e05p5rm5e57m90l7gabpo!nd_dft_wlteh_jpg_3,,AAå«æˆ‘å·å·
http://xhslink.com/m/58YXW37nJ5O,åŒ—äº¬è€ç ´å°è£…ä¿®ï¼Œæˆ‘æ‰¾åˆ°äº†è¶…çº§å¥½çš„ç¥ä»™å·¥é•¿ï¼,,æ¨è/è¥é”€,ç´ äººå£å»,è£…ä¿®,http://sns-webpic-qc.xhscdn.com/202507101500/42846bdef7e825535053eb165a0115c7/01023g014x4mylq3w7x011dp6hi2qwdbem!nd_dft_wlteh_jpg_3,,GoodNightXiang
http://xhslink.com/m/89cVoUzcuYf,åæ ‡åŒ—äº¬ï¼Œè¿™æ‰æ˜¯é è°±çš„å¥½å·¥é•¿ğŸ‘ğŸ‘ğŸ‘,,æ¨è/è¥é”€,ç´ äººå£å»,è£…ä¿®,http://sns-webpic-qc.xhscdn.com/202507101502/14cbcbe959d5484c79a2da6225199344/1040g00831bs5tf68gk005po7fhs7e60sos5up6g!nd_dft_wlteh_jpg_3,,æ‹¥æœ‰1ç‰‡æ£®æ—
http://xhslink.com/m/3rUFmyAuzzr,åæ ‡åŒ—äº¬ğŸ“60å¹³è€ç ´å°åŠåŒ…4.5w,,å¹²è´§,ç´ äººå£å»,è£…ä¿®,http://sns-webpic-qc.xhscdn.com/202507101503/0fc1993754724f590098fdf803278f4a/1040g00831hl7ne7l3u605q0311d3i7b389ejl2o!nd_dft_wlteh_jpg_3,,å­™å¤ªé˜³ğŸŒŸ
http://xhslink.com/m/8pzsCuxUBZI,å¥½â—å¥½â—éƒ½è¿™ä¹ˆå·â“åŒ—äº¬åŠåŒ…å…¨ç¨‹å«èµ„ï¼Œè£…å®Œæ”¶è´¹,,æ¨è/è¥é”€,å•†å®¶å£å»,è£…ä¿®,http://sns-webpic-qc.xhscdn.com/202507101503/2318cdc8fc5f44d4b3700410ed916ca2/spectrum/1040g0k0316fbt7ph0q005n59ida5nbj6r0pv1og!nd_dft_wlteh_jpg_3,,åŒ—äº¬é¾™é¼è£…é¥°
http://xhslink.com/m/8eUWNHx9qz6,28å²è¿™å¹´ï¼æˆ‘ä»¬åœ¨åŒ—äº¬æœ‰å®¶å•¦ï¼æˆ‘å¥½å¹¸ç¦å•Šâ¤,,æ¨è/è¥é”€,ç´ äººå£å»,è£…ä¿®,http://sns-webpic-qc.xhscdn.com/202507101505/0635aa0170207e69353a53ceff43f95b/1040g2sg31b167bpdncc05po7fhs7e60sd8mfkp0!nd_dft_wlteh_jpg_3,,æ‹¥æœ‰1ç‰‡æ£®æ—
http://xhslink.com/m/AegXj4bSZuU,æ­å–œä½ ğŸ‘å‘ç°äº†ä¸€ä½åŒ—äº¬å®è—å¥³è®¾è®¡å¸ˆâ€¼ï¸,,æ¨è/è¥é”€,å•†å®¶å£å»,è£…ä¿®,http://sns-webpic-qc.xhscdn.com/202507101506/f0e0182e7d61ef4e82c4060e6a2b4021/1040g00831jhqt7dk2o3g5pg3n7k2u8ttuig6398!nd_dft_wlteh_jpg_3,,åŒ—äº¬è£…ä¿®è®¾è®¡å¸ˆï½œå°è‰º
http://xhslink.com/m/3UqXn6f5kGZ,åæ ‡åŒ—äº¬ï¼Œä¸€ä¸ª90åç‹¬ç«‹å·¥é•¿çš„è‡ªæˆ‘ä»‹ç»,,æ¨è/è¥é”€,å•†å®¶å£å»,è£…ä¿®,http://sns-webpic-qc.xhscdn.com/202507101506/28e7d9143a5675d5685902f0efe8d18a/1040g008313gknho9066g5ndvj7ug8gn9nqu3rc8!nd_dft_wlteh_jpg_3,,åŒ—äº¬é¡ºæ¬£è£…é¥°å·¥é•¿å›¢é˜Ÿ
http://xhslink.com/m/6N94zR7fyPW,åŒ—äº¬90åæ–½å·¥é˜Ÿæ¥æ•´é¡¿åŒ—äº¬è£…ä¿®é£æ°”,,æ¨è/è¥é”€,å•†å®¶å£å»,è£…ä¿®,http://sns-webpic-qc.xhscdn.com/202507101507/0aa7af4112e7f5f56d9241e5e62fe496/1040g00830tr0f3nukm6g5ndvj7ug8gn9olmv2t0!nd_dft_wlteh_jpg_3,,åŒ—äº¬é¡ºæ¬£è£…é¥°å·¥é•¿å›¢é˜Ÿ
http://xhslink.com/m/9VVFt7tbdv5,åæ ‡åŒ—äº¬ï½œä¸€ååˆ«å¢…è®¾è®¡å¸ˆçš„è‡ªæˆ‘ä»‹ç»ï½,,æ¨è/è¥é”€,å•†å®¶å£å»,è£…ä¿®,http://sns-webpic-qc.xhscdn.com/202507101510/cf9dc9e134bdc64ed4780e9ee4d88bcb/1040g2sg31jls6s0lj6705p9jbchqj5qhh5ibvro!nd_dft_wlteh_jpg_3,,è¿½å…‰ç§å®…è®¾è®¡å·¥ä½œå®¤
http://xhslink.com/m/47wrxbbLee8,åæ ‡åŒ—äº¬ğŸ“ä»ä¸š13å¹´è®¾è®¡å¸ˆçš„è‡ªæˆ‘ä»‹ç»,,æ¨è/è¥é”€,å•†å®¶å£å»,è£…ä¿®,http://sns-webpic-qc.xhscdn.com/202507101510/7ef6148346d9d069cbe67188fef8f1ed/spectrum/1040g34o31j2o5rsfhi105pbg55mfdfdcdkm8gkg!nd_dft_wlteh_jpg_3,,ä¹¦å¨£ | åšæ´›å°¼è®¾è®¡æ€»ç›‘
http://xhslink.com/m/98RVmBcZd8w,è£…ä¿®-åŠåŒ…ç¯‡ï¼ˆè®¢äº†ï¼‰ï½œåœ¨åŒ—äº¬é€‰åŠåŒ…å·¥é•¿çš„,,å¹²è´§,ç´ äººå£å»,è£…ä¿®,http://sns-webpic-qc.xhscdn.com/202507101511/057327208bc171b37728316c7ef62613/1040g2sg31f1o323fme104busjjot45rmhlaf1t8!nd_dft_wlteh_jpg_3,,å¯ä¹ç‚¸è¾£æ¤’ï¼ˆå…»å¨ƒè£…ä¿®ingï¼‰
http://xhslink.com/m/9dpMmAZOzFS,31å²ï¼Œç»ˆäºåœ¨åŒ—äº¬å®šå±…äº†ï¼å°æˆ¿å­ä¹Ÿæ»¡è¶³ğŸ˜Š,,æ¨è/è¥é”€,ç´ äººå£å»,è£…ä¿®,http://sns-webpic-qc.xhscdn.com/202507101521/fbb1d0b1e6ba306d76666416cc5c4f15/1040g00831gpca485ju505pr938u58gm4jrtnei0!nd_dft_wlteh_jpg_3,,æ¢…æ¢…æ¢…
http://xhslink.com/m/7OC129u7tGz,åœ¨åŒ—äº¬ğŸ“ä¸šä¸»è¯´ä»20ä¸ªè®¾è®¡å¸ˆé‡Œé€‰ä¸­äº†æˆ‘,,æ¨è/è¥é”€,å•†å®¶å£å»,è£…ä¿®,http://sns-webpic-qc.xhscdn.com/202507101521/17286aaf10bf1ba27da2bb8a3b7e0254/1040g2sg31aoap5cpnadg5pb0gd4i00ho3q4i6u8!nd_dft_wlteh_jpg_3,,åŒ—äº¬ | ç¨‹å­æ˜¯ä¸ªè®¾è®¡å¸ˆ
http://xhslink.com/m/5MZinoo4TM3,ã€åŒ—äº¬&ä¸Šæµ·ã€‘ä¸€å®¶ç‹‚å·æœåŠ¡çš„è£…ä¿®å…¬å¸,,æ¨è/è¥é”€,å•†å®¶å£å»,è£…ä¿®,http://sns-webpic-qc.xhscdn.com/202507101523/ba5f9c6dcb37ad7c905ae38f668dda4a/1040g2sg31h4rp4h83idg414qoeu1bci92qgobmo!nd_dft_wlteh_jpg_3,,ä½èŒƒå„¿
http://xhslink.com/m/36OGgcIQpo6,åŒ—äº¬è‡ªè£…ï½œæˆ‘æ˜¯å¦‚ä½•æ‰¾åˆ°ç¥ä»™å·¥é•¿çš„ï¼ï¼ï¼,,å¹²è´§,ç´ äººå£å»,è£…ä¿®,http://sns-webpic-qc.xhscdn.com/202507101524/67c22dcaf02edeb961e7e51fcc7f7139/1040g2sg313n6fm23hqdg5n0jrk6htmr2kp8i68o!nd_dft_wlteh_jpg_3,,ç‹¸å®¢
http://xhslink.com/m/HUaR5YdZN4,åæ ‡åŒ—äº¬â€¼ï¸ç¥ä»™å·¥é•¿-,,æ¨è/è¥é”€,ç´ äººå£å»,è£…ä¿®,http://sns-webpic-qc.xhscdn.com/202507101525/b05db25058d63b8d5b50246f8279959c/1040g008316oru9bi0o5g5pjmd5gjcl2oui47r5o!nd_dft_wlteh_jpg_3,,å°å…”å­
http://xhslink.com/m/1M2kKVKZHyP,åæ ‡åŒ—äº¬ğŸ“ä¸šä¸»åœ¨12ä¸ªè®¾è®¡å¸ˆä¸­é€‰äº†æˆ‘ğŸ˜,,æ¨è/è¥é”€,å•†å®¶å£å»,è£…ä¿®,http://sns-webpic-qc.xhscdn.com/202507101526/df59cc60ccfadbad849dfe1c57e52a8f/1040g2sg31cm3p4osgmd05pbg55mfdfdcg4f1dl8!nd_dft_wlteh_jpg_3,,ä¹¦å¨£ | åšæ´›å°¼è®¾è®¡æ€»ç›‘
http://xhslink.com/m/4oDr2g6MNXc,åæ ‡åŒ—äº¬ğŸ“ä¸€ä½æ‡‚è£…ä¿®è®¾è®¡çš„å·¥é•¿è‡ªæˆ‘ä»‹ç»,,æ¨è/è¥é”€,å•†å®¶å£å»,è£…ä¿®,http://sns-webpic-qc.xhscdn.com/202507101527/a96befa66d590eb158c49095e7e9b576/1040g00831fb1glvama605nue9oh08jpt7vomsgo!nd_dft_wlteh_jpg_3,,æ‡‚è®¾è®¡çš„ç‹å·¥é•¿ï¼ˆæµ·è±šï¼‰
http://xhslink.com/m/7SpOXZc78wM,ğŸ“¢ä¸“ä¸šè®¾è®¡æ–½å·¥é˜Ÿæ¥æ•´é¡¿åŒ—äº¬è£…ä¿®é£æ°”å•¦ï¼,,æ¨è/è¥é”€,å•†å®¶å£å»,è£…ä¿®,http://sns-webpic-qc.xhscdn.com/202507101528/76e4eaa2459c114ac1179e1c9df32fe8/spectrum/1040g34o31iesfq547i0g5pmll2fne9lbgl0virg!nd_dft_wlteh_jpg_3,,åŒ—äº¬æ™ºçˆ±å®¶
http://xhslink.com/m/2Eo8cU3OLdJ,æ„Ÿè°¢å°çº¢ä¹¦ğŸ“•è®©æˆ‘åœ¨åŒ—äº¬æ‰¾åˆ°é è°±å·¥é•¿,,æ¨è/è¥é”€,ç´ äººå£å»,è£…ä¿®,http://sns-webpic-qc.xhscdn.com/202507101529/b4126db243d45b4184f3edf0d2216f3a/1040g2sg310sqmecb6k005n9jpsfkeva6mvgvb6g!nd_dft_wlteh_jpg_3,,å°é”…å„¿ğŸ 
http://xhslink.com/m/6i0BpbXZXpX,åŒ—äº¬è£…ä¿®å…¬å¸æ¨è 68å¹³ é¢„ç•™12W è´¹ç”¨åˆ†äº«,,æ¨è/è¥é”€,ç´ äººå£å»,è£…ä¿®,http://sns-webpic-qc.xhscdn.com/202507101529/32cd2f8cea7281e4040917d81b2fd276/spectrum/1040g34o31felp7cgn00g5ps62f0i31qd57d3oko!nd_dft_wlteh_jpg_3,,æ‹”ä¸åœ°ç“œçˆ±åƒé†‹ğŸ 
http://xhslink.com/m/AHhoWo2c8Aq,åœ¨åŒ—äº¬ğŸ“è£…ä¿®ç›´æ¥æ‰¾è€æ¿æœ‰å¤šçˆ½â“,,æ¨è/è¥é”€,å•†å®¶å£å»,è£…ä¿®,http://sns-webpic-qc.xhscdn.com/202507101531/ef12629ee2d08c10291b1edbc06d56fa/1040g008319q654jd7g005pgq3si0u7lphmp7ki8!nd_dft_wlteh_jpg_3,,åŒ—äº¬è£…ä¿®å°é¾™å“¥
http://xhslink.com/m/75iVSBeJjDu,åæ ‡åŒ—äº¬ï½œä¸€å®¶åªåšå£ç¢‘âœ…è£…ä¿®çš„æ•´è£…å…¬å¸,,æ¨è/è¥é”€,å•†å®¶å£å»,è£…ä¿®,http://sns-webpic-qc.xhscdn.com/202507101532/9e05892cd5d3a8044503bfbd1d0b928e/spectrum/1040g34o31hge698d383g5q0703q5vm958hnjig8!nd_dft_wlteh_jpg_3,,åŒ—äº¬èå‘è£…é¥°
http://xhslink.com/m/6JK3Mimg2Xh,åœ¨åŒ—äº¬@ä¸€ä¸ªé è°±å·¥é•¿çš„æ”¶è´¹æ ‡å‡†,,å¹²è´§,å•†å®¶å£å»,è£…ä¿®,http://sns-webpic-qc.xhscdn.com/202507101533/8c571384cfd5de5e79c51ee10b0f7d09/notes_pre_post/1040g3k031hqkjug0jufg5pfpd612plcuidocq00!nd_dft_wlteh_jpg_3,,åŒ—äº¬å½“å®¶è£…ä¿®è€ç‹
http://xhslink.com/m/4BwKcKgdKaV,åŒ—äº¬åŠåŒ…ï½œé¢è¯•äº”ä¸ªå·¥é•¿å¾—å‡ºçš„ç»éªŒğŸ‘å¿«æ”¶è—,,æµ‹è¯„,ç´ äººå£å»,è£…ä¿®,http://sns-webpic-qc.xhscdn.com/202507101534/67346269b3390f7676b5603acdee9c44/1040g2sg31a389rlj6od04a2b97gljvfj9v63jco!nd_dft_wlteh_jpg_3,,é‚µShao.
http://xhslink.com/m/1tCL9GQDnXi,åŒ—äº¬è£…ä¿®ğŸ“é è°±è®¾è®¡å¸ˆæ¥æ•´é¡¿è£…ä¿®é£æ°”å•¦â€¼,,æ¨è/è¥é”€,å•†å®¶å£å»,è£…ä¿®,http://sns-webpic-qc.xhscdn.com/202507101535/08fb61d0cb64b44193b6aec21c8aed8c/notes_pre_post/1040g3k031is9f6jt14005pg14d3ipnodvrr5v48!nd_dft_wlteh_jpg_3,,åŒ—äº¬å®¤å†…è®¾è®¡å¸ˆ-å›å›
http://xhslink.com/m/2K3aiqZqYdp,æ‹†é™¤çœŸæ²¡é‚£ä¹ˆè´µâ—ï¸åˆ«å†æ‰¾è£…ä¿®å…¬å¸äº†â€¼ï¸,,å¹²è´§,å•†å®¶å£å»,è£…ä¿®,http://sns-webpic-qc.xhscdn.com/202507101536/ff46c165ae31c0da3945fb3819d66e4e/1040g00831849vm3hk41049u4drcr9e7he7q7uso!nd_dft_wlteh_jpg_3,,ç‰¹é è°±å·¥é•¿è”ç›Ÿ-å”å“¥
http://xhslink.com/m/1vBhHyJwot8,æ˜¯çš„ï¼Œæˆ‘ä»¬åœ¨åŒ—äº¬åšäº†ä¸€å®¶å°è€Œç¾çš„è£…ä¿®å¹³å°,,æ¨è/è¥é”€,å•†å®¶å£å»,è£…ä¿®,http://sns-webpic-qc.xhscdn.com/202507101537/99f497f23a58e0e4d5c89658ed5d9ef4/1040g2sg3120rkdn6ja7g401fidfustef3rneqgg!nd_dft_wlteh_jpg_3,,å…¨æ°‘è£…ä¿®686è£…ä¿®è®¾è®¡-å¤©æˆ
http://xhslink.com/m/AiL7jA0Iejt,åŒ—äº¬å¨å«ç¿»æ–°æ”¹é€ ä»…éœ€1.3Wï¼Œ7å¤©å®Œå·¥ä¸æ¬å®¶,,æ¨è/è¥é”€,å•†å®¶å£å»,è£…ä¿®,http://sns-webpic-qc.xhscdn.com/202507101538/dec60d34d78980e5cca4c4aaaa5f3c96/1040g00831em4ev8i5i6g49kp61pe0u8eruqobd8!nd_dft_wlteh_jpg_3,,åŒ—äº¬ä¼˜é€‰ç„•æ–°è£…ä¿®è®¾è®¡
http://xhslink.com/m/9CLCwBcsjOG,åæ ‡ä¸Šæµ·ğŸ“å°‘é‡æ¥å•åªåšå£ç¢‘çš„è£…ä¿®å…¬å¸,,æ¨è/è¥é”€,å•†å®¶å£å»,è£…ä¿®,http://sns-webpic-qc.xhscdn.com/202507101542/03e981386c9ceb57c705813ae38a5bdd/1040g2sg31er5a6f166d05p1uh5jaad2m5lgcmvo!nd_dft_wlteh_jpg_3,,å‰ç¾è£…é¥°é›†å›¢
http://xhslink.com/m/1cNxkWjsQCS,ä¸Šæµ·75å¹³åŠåŒ…ç¡¬è£…5.5wï¼Œè´¹ç”¨åˆ†äº«,,å¹²è´§,ç´ äººå£å»,è£…ä¿®,http://sns-webpic-qc.xhscdn.com/202507101542/ed0df0ee64f9b9109dc926588c0fde14/1040g00831itcu88cgo0g425k7mlojrpu91tqf8o!nd_dft_wlteh_jpg_3,,è¥¿ç±³éº»éº»
http://xhslink.com/m/93PPVKU6duy,ä¸Šæµ·æ‰“å·¥ç‰›é©¬3ä¸ªæœˆçš„å…¨å±‹å®šåˆ¶æ¢åº—ç¬”è®°,,å¹²è´§,ç´ äººå£å»,è£…ä¿®,http://sns-webpic-qc.xhscdn.com/202507101543/84cd9830018cf1c98de94f9e0a6b199e/1040g00831inu3u17gm005ppcb71ndnop13414a0!nd_dft_wlteh_jpg_3,,æ—æ™šå®‰
http://xhslink.com/m/1cYBSl7rW71,ä¸Šæµ·è£…ä¿®ğŸ å…¨å±‹æ•´è£…å°Šå˜Ÿä¸è´µâ€¼ï¸,,æ¨è/è¥é”€,å•†å®¶å£å»,è£…ä¿®,http://sns-webpic-qc.xhscdn.com/202507101543/861abbdf77871d597a28ce871f1f6bd0/spectrum/1040g0k031dnc1c3n12005pdpquqjkeflvlkn038!nd_dft_wlteh_jpg_3,,æ²ªå°šèŒ—å±…æ•´ä½“å®¶è£…
http://xhslink.com/m/3ldWLvsDJ1s,åæ ‡ä¸Šæµ·ğŸ“ä¸€ä½å®è—è®¾è®¡å¸ˆçš„è‡ªæˆ‘ä»‹ç»âœ¨,,æ¨è/è¥é”€,å•†å®¶å£å»,è£…ä¿®,http://sns-webpic-qc.xhscdn.com/202507101546/2579a51f45b5c13b3b158d8c0fce10ce/1040g00831jlne4eq34305pa33inhgp9u819p6bo!nd_dft_wlteh_jpg_3,,ä¸Šæµ·è®¾è®¡å¸ˆ-é»„è¯—ç®
http://xhslink.com/m/9xaegG2KqAI,æˆ‘è¦æ›å…‰è¿™ä½ä¸“åšè€æˆ¿é‡è£…çš„ä¸Šæµ·å¥³è®¾è®¡å¸ˆâ—ï¸,,æ¨è/è¥é”€,å•†å®¶å£å»,è£…ä¿®,http://sns-webpic-qc.xhscdn.com/202507101547/52fbe7a9a3cdd57503d32aab63022d32/1040g00831jlne4eq342g5pa33inhgp9u37i4at0!nd_dft_wlteh_jpg_3,,ä¸Šæµ·è®¾è®¡å¸ˆ-é»„è¯—ç®
http://xhslink.com/m/5hApGAocuYe,ä¸Šæµ·è£…ä¿® | æ—§æˆ¿æ”¹é€ é è°±çš„è£…ä¿®å…¬å¸,,æ¨è/è¥é”€,å•†å®¶å£å»,è£…ä¿®,http://sns-webpic-qc.xhscdn.com/202507101547/7cedb846d31f12c4fc58a8b7d3704b27/1040g00831jm176t0j4705orq22g7qp0pb9cami0!nd_dft_wlteh_jpg_3,,åæ˜Ÿè£…ä¿®
http://xhslink.com/m/5SK3vp8oN7,ğŸ”¨ä¸Šæµ·ã€åŠåŒ…è£…ä¿®ã€‘å¿«è¿‡æ¥ï¼å¤ªå·å•¦,,æ¨è/è¥é”€,å•†å®¶å£å»,è£…ä¿®,http://sns-webpic-qc.xhscdn.com/202507101548/2c9461b5780f5b52db4ed71242757e2b/spectrum/1040g34o31i15brji6m0g5nkb8av098ol3gn87i8!nd_dft_wlteh_jpg_3,,JIUSHIä¹…å®¤è£…é¥°è®¾è®¡
http://xhslink.com/m/2m1lSKmKIxx,ä¸Šæµ·55ã¡è€æˆ¿ç¿»æ–°ï¼Œ3.8ä¸‡æå®šï¼Œé™„æ¸…å•ï¼,,æ¨è/è¥é”€,å•†å®¶å£å»,è£…ä¿®,http://sns-webpic-qc.xhscdn.com/202507101555/1b3bea00dc1d0e50c246e9226552069a/notes_pre_post/1040g3k031jblao4fig005oh9k6341v7t41fvo2g!nd_dft_wlteh_jpg_3,,ä¸Šæµ·é‡‘ä»¤è£…ä¿®é˜Ÿ
http://xhslink.com/m/6b9Ve34D2E3,ä¸Šæµ·è€æˆ¿ç¿»æ–°é€†è¢­ï¼ç¥ä»™å›¢é˜Ÿè—ä¸ä½äº†ğŸ“,,æ¨è/è¥é”€,å•†å®¶å£å»,è£…ä¿®,http://sns-webpic-qc.xhscdn.com/202507101556/db4ce91084bf7e2522367750385d0967/notes_pre_post/1040g3k031ha0etnc3i705n1updk1h26nfqc45p8!nd_dft_wlteh_jpg_3,,è¨€æ˜±è®¾è®¡äº‹åŠ¡æ‰€Â·ç§å®…å®šåˆ¶
https://www.xiaohongshu.com/discovery/item/669d0b200000000025014059?source=webshare&xhsshare=pc_web&xsec_token=ABg35Ei37o7m8yVSs-7mnsRq9aQm8Os3CnPLZUEMids_M=&xsec_source=pc_share,åæ§½åœ¨æ·±åœ³æ‰¾è£…ä¿®å…¬å¸çš„å„ç§å¿ƒå¡ç»å†ğŸ’”,,å¹²è´§,ç´ äººå£å»,è£…ä¿®,http://sns-webpic-qc.xhscdn.com/202507101610/b8035b5ee6177f1d39efac62a0be1041/1040g008315h1r8781e6g5pklvo8iu27lr6qj30g!nd_dft_wlteh_jpg_3,,é­”ä»™å ¡momo
http://xhslink.com/m/BoAPWvFZd8,å®¶å…·é¿å‘æŒ‡å— | è€å®äººé€‰æ²™å‘VSå†…è¡Œäººé€‰æ²™,,å¹²è´§,å•†å®¶å£å»,è½¯è£…,http://sns-webpic-qc.xhscdn.com/202507101707/72ee66a74124316a3343f724c717e102/1040g2sg3184n7p7lgsd05o1gn78g96pu5dg4k40!nd_dft_wlteh_jpg_3,,å¯çˆ±çš„å®¶å…·å¦
http://xhslink.com/m/3K1BqZ5k02F,æ­¦æ±‰ï½œå¼ºæ¨è¿™å®¶ä¸“æ³¨è€æˆ¿æ”¹é€ è£…ä¿®å…¬å¸,,æ¨è/è¥é”€,å•†å®¶å£å»,è£…ä¿®,http://sns-webpic-qc.xhscdn.com/202507102302/afdd69f185d8023265a3e4e0942ed9d9/notes_pre_post/1040g3k831hkcpqn1k2a05n7m4f39c2dc9j4ki98!nd_dft_wlteh_jpg_3,,S.å°šé‚¦å…¨æ¡ˆè®¾è®¡
http://xhslink.com/m/5lc6CUHaYrJ,æˆéƒ½æ—§æˆ¿ç¿»æ–°|3.9wæå®š70å¹³äºŒæ‰‹æˆ¿æ”¹é€ ,,å¹²è´§,ç´ äººå£å»,è£…ä¿®,http://sns-webpic-qc.xhscdn.com/202507102302/f9d85fe3eb2c2529a726dace1a509ec7/1040g00831aac4tne6u4g4a6bie462chbea96o08!nd_dft_wlteh_jpg_3,,æˆéƒ½ç§‹æ‚¦æ—§æˆ¿æ”¹é€ 
http://xhslink.com/m/7yFCpmqa0WI,åœ¨æ·±åœ³åªåšæ—§æˆ¿ç¿»æ–°ï¼Œæ²¡æœ‰å¥—è·¯çœé’±åˆå®‰å¿ƒ,,æ¨è/è¥é”€,å•†å®¶å£å»,è£…ä¿®,http://sns-webpic-qc.xhscdn.com/202507102302/449c2726117117a5c87f7cf4bd5578e6/notes_pre_post/1040g3k831h7r3cc5jokg5nakm39ljr105rbdh7o!nd_dft_wlteh_jpg_3,,æ·±åœ³æ—§æˆ¿ç„•æ–°å·¥ä½œå®¤
http://xhslink.com/m/1qpIBvJGQRz,7æœˆæœ‰æ¡£æœŸğŸ‘Œä»ä¸šåå¹´å…è´¹å‡ºå…¨å±‹è£…ä¿®æŠ¥ä»·,,æ¨è/è¥é”€,å•†å®¶å£å»,è£…ä¿®,http://sns-webpic-qc.xhscdn.com/202507102303/2f089709d09dac32c3b5b5eec1f132ce/spectrum/1040g0k031ij9cpjv7o005p85q9hln2u4qh024vg!nd_dft_wlteh_jpg_3,,æ•´è£…è®¾è®¡å¸ˆ | ç‹è€å¸ˆ
http://xhslink.com/m/2MKzKcrlbn9,ä¸€å¼€å§‹å·¨ä¸‘ğŸ˜­â€¦â€¦,,å¹²è´§,ç´ äººå£å»,è£…ä¿®,http://sns-webpic-qc.xhscdn.com/202507102303/c7c76b8511b1c4fe1749ba539a8f0e06/1040g2sg31ccm7267gk7g5n2u91h7dbvm4e92dog!nd_dft_wlteh_jpg_3,,åƒæ©˜å­ğŸŠä¸å‰¥çš®
http://xhslink.com/m/AGDuBq4OdBc,7æœˆå†³å®šè¦å»è€ƒç ”ï¼Œè¿™äº›å¤§å¿Œå°±åƒä¸‡ä¸è¦ç¢°ï¼,,å¹²è´§,ç´ äººå£å»,è€ƒç ”,http://sns-webpic-qc.xhscdn.com/202507102303/df4d38dc312059cca9d0b9b8c5ff2fb3/notes_pre_post/1040g3k031jd2fi29j46g5pr3jef56d6akl831co!nd_dft_wlteh_jpg_3,,å±±å±±è€Œå·
http://xhslink.com/m/70VTSkV0TTK,æ—§æˆ¿ç¿»æ–°çœé’±ç§˜ç±ğŸ’¡ä½æˆæœ¬é«˜è´¨é‡æ”¹é€ æ—§æˆ¿,,å¹²è´§,ç´ äººå£å»,è£…ä¿®,http://sns-webpic-qc.xhscdn.com/202507102303/ee277724bd504eeb1e7455dc90549c72/1040g00831872n43dju6g49u4drcr9e7hhshvhoo!nd_dft_wlteh_jpg_3,,ç‰¹é è°±å·¥é•¿è”ç›Ÿ-å”å“¥
http://xhslink.com/m/82Q52J21yvY,æœ‰äººè¦è€ƒç ”è§„åˆ’å—ï¼Ÿ,,æ¨è/è¥é”€,å•†å®¶å£å»,è€ƒç ”,http://sns-webpic-qc.xhscdn.com/202507102303/9a5ada3d3b49ceb6c172afc615036e87/notes_pre_post/1040g3k031hpf2pmjjq6g5pmo6h7ne8d2915apu8!nd_dft_wlteh_jpg_3,,å’•å™œå­¦å§è€ƒç ”é­”æ³•å±‹
http://xhslink.com/m/9Cavh2SEbf3,å®¶äººä»¬è°æ‡‚å•Šï¼è¢«å¥³æœ‹å‹çš„è€ƒç ”è§„åˆ’æƒŠè‰³åˆ°,,å¹²è´§,ç´ äººå£å»,è€ƒç ”,http://sns-webpic-qc.xhscdn.com/202507102303/03047ff35b17ba854185ea0099112068/1040g00831et00tuk606g5pto211j9et2hn190po!nd_dft_wlteh_jpg_3,,ç–¯ç‹‚å­¦æ—¥è¯­ç‰ˆ
http://xhslink.com/m/7jZCCDk6PvH,è€ƒç ”å»ºè®®ï¼ˆç©·äººç‰ˆï¼‰,,å¹²è´§,ç´ äººå£å»,è€ƒç ”,http://sns-webpic-qc.xhscdn.com/202507102303/080ce516db1ec815ddc4e9456bd4dde6/1040g2sg3199tq6s2l8205po50387cf37ct2oal8!nd_dft_wlteh_jpg_3,,è‹å¤§è€ƒç ”å­¦é•¿
http://xhslink.com/m/3R47kdSMNr6,å¼ é›ªå³°ï¼šè€ƒä¸ä¸Šç ”ï¼Œéƒ½æœ‰ä¸€ä¸ªé€šç—…ï¼,,å¹²è´§,ç´ äººå£å»,è€ƒç ”,http://sns-webpic-qc.xhscdn.com/202507102303/fd15dab17b01cfc60429afedf3509901/notes_pre_post/1040g3k831iffv9250cc05pff17vh9nvfrcov6j8!nd_dft_wlteh_jpg_3,,å°ç¾Šè‚–æ©ğŸ
http://xhslink.com/m/836ixiuKvZv,æˆéƒ½æˆéƒ½ï¼Œè£…ä¿®è‡ªèæˆ‘çˆ¸çˆ¸,,æ¨è/è¥é”€,ç´ äººå£å»,è£…ä¿®,http://sns-webpic-qc.xhscdn.com/202507102303/5b3e825f72e7503722e5457356db578b/notes_pre_post/1040g3k831j7oad8h34005plg8h37c423tuv06h0!nd_dft_wlteh_jpg_3,,çˆ±åƒæŠ˜è€³æ ¹
http://xhslink.com/m/16Q9XLqJsRr,æ­å·ä¿©æœˆè·‘äº†12å®¶è£…ä¿®å…¬å¸ï¼Œè°ˆè°ˆæˆ‘çš„æ„Ÿå—,,æ¨è/è¥é”€,ç´ äººå£å»,è£…ä¿®,http://sns-webpic-qc.xhscdn.com/202507161034/16505ccfedb2f4f7e5b6d03c9d9e4215/1040g2sg31jodi65piueg5q2reiimr6evuh143uo!nd_dft_wlteh_jpg_3,,è·æ°”ç”Ÿè´¢
